CHGS,20121102,0.40,0.48,0.38,0.42,217400
CHGS,20121101,0.38,0.41,0.38,0.38,46400
CHGS,20121031,0.41,0.41,0.38,0.40,75700
CHGS,20121026,0.38,0.39,0.38,0.38,5100
CHGS,20121025,0.40,0.40,0.39,0.39,10200
CHGS,20121024,0.38,0.40,0.38,0.38,6400
CHGS,20121023,0.38,0.40,0.38,0.38,21300
CHGS,20121022,0.38,0.39,0.38,0.38,20600
CHGS,20121019,0.38,0.39,0.38,0.38,8800
CHGS,20121018,0.38,0.38,0.38,0.38,31400
CHGS,20121017,0.38,0.39,0.38,0.38,11800
CHGS,20121016,0.38,0.39,0.38,0.38,9300
CHGS,20121015,0.38,0.39,0.38,0.38,9000
CHGS,20121012,0.38,0.39,0.38,0.38,25900
CHGS,20121011,0.39,0.40,0.38,0.38,25800
CHGS,20121010,0.38,0.40,0.38,0.38,2200
CHGS,20121009,0.38,0.40,0.38,0.38,23800
CHGS,20121008,0.35,0.38,0.35,0.38,26800
CHGS,20121005,0.36,0.40,0.36,0.37,25300
CHGS,20121004,0.38,0.38,0.36,0.37,9000
CHGS,20121003,0.38,0.40,0.37,0.37,14800
CHGS,20121002,0.40,0.41,0.37,0.38,12800
CHGS,20121001,0.40,0.41,0.38,0.38,14100
CHGS,20120928,0.41,0.41,0.38,0.40,33100
CHGS,20120927,0.38,0.41,0.36,0.41,47300
CHGS,20120926,0.37,0.39,0.37,0.38,20900
CHGS,20120925,0.38,0.40,0.37,0.37,22800
CHGS,20120924,0.38,0.40,0.36,0.38,11200
CHGS,20120921,0.39,0.40,0.37,0.39,33700
CHGS,20120920,0.41,0.41,0.37,0.39,29400
CHGS,20120919,0.42,0.42,0.40,0.40,27200
CHGS,20120918,0.38,0.42,0.38,0.41,30300
CHGS,20120917,0.41,0.42,0.38,0.38,34200
CHGS,20120914,0.41,0.42,0.39,0.40,33100
CHGS,20120913,0.37,0.40,0.37,0.40,48900
CHGS,20120912,0.40,0.40,0.37,0.37,16800
CHGS,20120911,0.37,0.40,0.37,0.38,14100
CHGS,20120910,0.37,0.43,0.37,0.38,156400
CHGS,20120907,0.37,0.41,0.37,0.40,20300
CHGS,20120906,0.37,0.39,0.37,0.37,37800
CHGS,20120905,0.45,0.45,0.38,0.38,17600
CHGS,20120904,0.40,0.40,0.37,0.37,4900
CHGS,20120831,0.35,0.43,0.35,0.42,63000
CHGS,20120830,0.42,0.43,0.40,0.40,5200
CHGS,20120829,0.40,0.43,0.40,0.41,12400
CHGS,20120828,0.44,0.44,0.40,0.40,12400
CHGS,20120827,0.42,0.46,0.40,0.41,47400
CHGS,20120824,0.38,0.42,0.37,0.42,29500
CHGS,20120823,0.40,0.41,0.38,0.38,20700
CHGS,20120822,0.38,0.43,0.38,0.42,35200
CHGS,20120821,0.37,0.40,0.36,0.37,37300
CHGS,20120820,0.37,0.38,0.34,0.35,32300
CHGS,20120817,0.38,0.39,0.34,0.39,38000
CHGS,20120816,0.43,0.43,0.37,0.39,30100
CHGS,20120815,0.40,0.43,0.40,0.41,7800
CHGS,20120814,0.41,0.41,0.40,0.40,11600
CHGS,20120813,0.41,0.41,0.38,0.41,7300
CHGS,20120810,0.38,0.41,0.38,0.40,7700
CHGS,20120809,0.42,0.42,0.39,0.40,11800
CHGS,20120808,0.39,0.42,0.38,0.42,33700
CHGS,20120807,0.37,0.40,0.37,0.38,31400
CHGS,20120806,0.37,0.40,0.37,0.39,42300
CHGS,20120803,0.39,0.40,0.38,0.38,4100
CHGS,20120802,0.40,0.40,0.38,0.40,6000
CHGS,20120801,0.39,0.40,0.38,0.39,9900
CHGS,20120731,0.39,0.40,0.38,0.38,23500
CHGS,20120730,0.39,0.41,0.39,0.40,6000
CHGS,20120727,0.42,0.44,0.38,0.38,55700
CHGS,20120726,0.40,0.41,0.38,0.40,12200
CHGS,20120725,0.40,0.43,0.38,0.40,30300
CHGS,20120724,0.42,0.42,0.38,0.41,40900
CHGS,20120723,0.41,0.45,0.39,0.44,5400
CHGS,20120720,0.45,0.47,0.43,0.43,25400
CHGS,20120719,0.50,0.50,0.44,0.47,24000
CHGS,20120718,0.45,0.49,0.45,0.49,8500
CHGS,20120717,0.45,0.50,0.45,0.45,27600
CHGS,20120716,0.47,0.49,0.45,0.49,1600
CHGS,20120713,0.48,0.49,0.45,0.49,7500
CHGS,20120712,0.48,0.50,0.48,0.48,16500
CHGS,20120711,0.48,0.48,0.48,0.48,6000
CHGS,20120710,0.47,0.48,0.43,0.47,27500
CHGS,20120709,0.43,0.50,0.43,0.47,31100
CHGS,20120706,0.48,0.50,0.45,0.50,15000
CHGS,20120705,0.46,0.51,0.46,0.50,28200
CHGS,20120703,0.45,0.51,0.45,0.50,16300
CHGS,20120702,0.45,0.50,0.45,0.49,32000
CHGS,20120629,0.48,0.49,0.46,0.49,14600
CHGS,20120628,0.45,0.50,0.45,0.47,17700
CHGS,20120627,0.47,0.47,0.45,0.47,14300
CHGS,20120626,0.51,0.52,0.46,0.47,20800
CHGS,20120625,0.51,0.51,0.49,0.49,12800
CHGS,20120622,0.50,0.52,0.50,0.51,6400
CHGS,20120621,0.55,0.55,0.52,0.53,19300
CHGS,20120620,0.55,0.57,0.52,0.55,71900
CHGS,20120619,0.53,0.54,0.50,0.53,18300
CHGS,20120618,0.53,0.53,0.50,0.51,4100
CHGS,20120615,0.53,0.53,0.50,0.50,26500
CHGS,20120614,0.46,0.53,0.46,0.52,51000
CHGS,20120613,0.49,0.53,0.49,0.51,7000
CHGS,20120612,0.49,0.55,0.49,0.52,41400
CHGS,20120611,0.51,0.55,0.50,0.52,33500
CHGS,20120608,0.49,0.51,0.48,0.51,19500
CHGS,20120607,0.51,0.54,0.50,0.50,25200
CHGS,20120606,0.46,0.55,0.46,0.48,17500
CHGS,20120605,0.50,0.51,0.46,0.48,8100
CHGS,20120604,0.52,0.52,0.50,0.50,12600
CHGS,20120601,0.50,0.52,0.48,0.51,8800
CHGS,20120531,0.50,0.54,0.49,0.52,22900
CHGS,20120530,0.52,0.55,0.48,0.48,33400
CHGS,20120529,0.59,0.60,0.52,0.52,25200
CHGS,20120525,0.52,0.64,0.52,0.58,86900
CHGS,20120524,0.55,0.56,0.46,0.52,44600
CHGS,20120523,0.52,0.56,0.46,0.54,73300
CHGS,20120522,0.46,0.55,0.46,0.51,26600
CHGS,20120521,0.49,0.51,0.45,0.46,31500
CHGS,20120518,0.52,0.54,0.46,0.48,94000
CHGS,20120517,0.55,0.58,0.51,0.53,48500
CHGS,20120516,0.55,0.66,0.55,0.57,71800
CHGS,20120515,0.56,0.59,0.54,0.55,88300
CHGS,20120514,0.62,0.63,0.57,0.62,28900
CHGS,20120511,0.67,0.67,0.63,0.65,73000
CHGS,20120510,0.66,0.69,0.64,0.67,42300
CHGS,20120509,0.66,0.67,0.65,0.67,8900
CHGS,20120508,0.67,0.69,0.63,0.65,75400
CHGS,20120507,0.69,0.70,0.65,0.69,63300
CHGS,20120504,0.70,0.73,0.70,0.70,16100
CHGS,20120503,0.73,0.74,0.70,0.71,16500
CHGS,20120502,0.72,0.73,0.70,0.71,25900
CHGS,20120501,0.73,0.73,0.70,0.71,25000
CHGS,20120430,0.71,0.74,0.71,0.74,54300
CHGS,20120427,0.75,0.75,0.73,0.75,17600
CHGS,20120426,0.72,0.75,0.71,0.73,54800
CHGS,20120425,0.79,0.79,0.72,0.72,142100
CHGS,20120424,0.81,0.83,0.79,0.80,29000
CHGS,20120423,0.80,0.82,0.78,0.80,31300
CHGS,20120420,0.82,0.85,0.80,0.80,45400
CHGS,20120419,0.85,0.85,0.80,0.81,76300
CHGS,20120418,0.80,0.86,0.80,0.82,26800
CHGS,20120417,0.88,0.91,0.78,0.84,153500
CHGS,20120416,0.97,0.97,0.90,0.94,34100
CHGS,20120413,0.94,0.96,0.92,0.93,29900
CHGS,20120412,0.90,0.95,0.87,0.92,33900
CHGS,20120411,0.89,0.92,0.88,0.89,39300
CHGS,20120410,0.90,0.98,0.90,0.90,68000
CHGS,20120409,0.94,0.97,0.90,0.93,170500
CHGS,20120405,0.87,1.08,0.87,0.92,324100
CHGS,20120404,0.91,0.91,0.87,0.87,56900
CHGS,20120403,0.93,0.93,0.89,0.92,14800
CHGS,20120402,0.89,0.94,0.89,0.94,28400
CHGS,20120330,0.90,0.94,0.89,0.94,70000
CHGS,20120329,0.90,0.93,0.90,0.90,24000
CHGS,20120328,0.96,0.96,0.90,0.90,32500
CHGS,20120327,0.92,0.98,0.91,0.95,69700
CHGS,20120326,0.93,0.94,0.91,0.92,14100
CHGS,20120323,0.91,0.95,0.91,0.93,36400
CHGS,20120322,0.95,0.95,0.84,0.91,28900
CHGS,20120321,0.95,1.04,0.93,0.95,26200
CHGS,20120320,0.92,0.98,0.85,0.95,59000
CHGS,20120319,0.92,0.95,0.86,0.92,31100
CHGS,20120316,0.93,0.96,0.89,0.91,42000
CHGS,20120315,0.98,1.00,0.92,0.95,32500
CHGS,20120314,0.98,1.01,0.97,0.98,60300
CHGS,20120313,0.98,1.01,0.95,0.96,128800
CHGS,20120312,0.91,0.96,0.90,0.95,44100
CHGS,20120309,0.85,0.94,0.85,0.91,81100
CHGS,20120308,0.84,0.87,0.81,0.83,49800
CHGS,20120307,0.84,0.85,0.78,0.83,55900
CHGS,20120306,0.88,0.88,0.84,0.84,24600
CHGS,20120305,0.87,0.89,0.86,0.88,26900
CHGS,20120302,0.88,0.89,0.87,0.88,33000
CHGS,20120301,0.91,0.91,0.89,0.89,17300
CHGS,20120229,0.90,0.93,0.89,0.89,21400
CHGS,20120228,0.89,0.92,0.88,0.91,28600
CHGS,20120227,0.90,0.91,0.89,0.89,71800
CHGS,20120224,0.93,0.94,0.91,0.91,56500
CHGS,20120223,0.91,0.94,0.91,0.94,51300
CHGS,20120222,0.94,0.95,0.90,0.91,50800
CHGS,20120221,0.98,0.98,0.95,0.96,52700
CHGS,20120217,0.96,0.97,0.92,0.96,29000
CHGS,20120216,0.92,0.97,0.92,0.96,63200
CHGS,20120215,0.98,1.00,0.92,0.94,45100
CHGS,20120214,1.00,1.01,0.93,0.98,39900
CHGS,20120213,0.97,1.00,0.91,1.00,89500
CHGS,20120210,1.03,1.04,0.93,0.97,185100
CHGS,20120209,1.09,1.11,1.04,1.04,51700
CHGS,20120208,1.08,1.11,1.04,1.09,124200
CHGS,20120207,1.10,1.11,1.06,1.07,85000
CHGS,20120206,1.12,1.14,1.08,1.10,94600
CHGS,20120203,1.18,1.18,1.11,1.12,160400
CHGS,20120202,1.12,1.18,1.10,1.17,175000
CHGS,20120201,1.13,1.15,1.08,1.14,313300
CHGS,20120131,1.06,1.15,1.05,1.08,498600
CHGS,20120130,1.04,1.05,1.03,1.04,35200
CHGS,20120127,1.03,1.09,1.03,1.07,67400
CHGS,20120126,1.08,1.19,1.03,1.04,243400
CHGS,20120125,1.02,1.10,1.02,1.10,186200
CHGS,20120124,1.05,1.05,1.02,1.02,13100
CHGS,20120123,1.02,1.06,1.02,1.05,71800
CHGS,20120120,1.00,1.02,1.00,1.02,44400
CHGS,20120119,1.05,1.05,1.00,1.02,52700
CHGS,20120118,1.05,1.06,1.00,1.03,92400
CHGS,20120117,1.10,1.12,1.01,1.04,111200
CHGS,20120113,1.13,1.14,1.00,1.07,133200
CHGS,20120112,0.93,1.12,0.92,1.06,308800
CHGS,20120111,0.99,0.99,0.91,0.94,100800
CHGS,20120110,1.05,1.15,0.94,0.99,486500
CHGS,20120109,0.95,1.05,0.88,1.03,318500
CHGS,20120106,0.73,0.97,0.73,0.93,509500
CHGS,20120105,0.77,0.78,0.71,0.75,111700
CHGS,20120104,0.73,0.80,0.72,0.77,139500
CHGS,20120103,0.72,0.75,0.69,0.73,59600
CHGS,20111230,0.68,0.72,0.63,0.69,252000
CHGS,20111229,0.72,0.75,0.68,0.71,174400
CHGS,20111228,0.75,0.78,0.72,0.75,107000
CHGS,20111227,0.79,0.81,0.75,0.75,97500
CHGS,20111223,0.81,0.81,0.75,0.80,64700
CHGS,20111222,0.77,0.80,0.75,0.77,80600
CHGS,20111221,0.80,0.87,0.75,0.78,52800
CHGS,20111220,0.84,0.87,0.75,0.83,62200
CHGS,20111219,0.84,0.87,0.81,0.83,64400
CHGS,20111216,0.85,0.88,0.85,0.85,39800
CHGS,20111215,0.87,0.88,0.86,0.87,20500
CHGS,20111214,0.86,0.93,0.85,0.86,80200
CHGS,20111213,0.89,0.93,0.87,0.88,31100
CHGS,20111212,0.87,0.91,0.86,0.89,22400
CHGS,20111209,0.90,0.91,0.85,0.89,19800
CHGS,20111208,0.91,0.95,0.91,0.91,26600
CHGS,20111207,0.89,0.90,0.85,0.90,44300
CHGS,20111206,0.90,0.94,0.89,0.89,45200
CHGS,20111205,0.92,0.94,0.90,0.91,23500
CHGS,20111202,0.92,0.93,0.88,0.90,59500
CHGS,20111201,0.98,1.01,0.90,0.92,65000
CHGS,20111130,0.94,0.99,0.92,0.96,103400
CHGS,20111129,0.95,0.95,0.87,0.90,39700
CHGS,20111128,0.97,0.97,0.92,0.93,56500
CHGS,20111125,0.87,0.91,0.87,0.88,24200
CHGS,20111123,0.93,0.95,0.86,0.88,64900
CHGS,20111122,0.94,0.96,0.88,0.93,76100
CHGS,20111121,1.01,1.01,0.90,0.92,119500
CHGS,20111118,1.04,1.06,1.00,1.02,102900
CHGS,20111117,1.02,1.16,1.00,1.02,127400
CHGS,20111116,1.06,1.07,1.00,1.02,116300
CHGS,20111115,1.13,1.16,1.09,1.09,73400
CHGS,20111114,1.11,1.25,1.11,1.11,222200
CHGS,20111111,1.23,1.48,1.10,1.11,288900
CHGS,20111110,1.20,1.23,1.10,1.14,246800
CHGS,20111109,1.16,1.16,1.05,1.12,112600
CHGS,20111108,1.26,1.34,1.16,1.18,552500
CHGS,20111107,0.92,1.24,0.92,1.19,647200
CHGS,20111104,0.96,0.98,0.91,0.93,24500
CHGS,20111103,0.95,0.97,0.93,0.94,32500
CHGS,20111102,0.94,0.98,0.90,0.94,45800
CHGS,20111101,0.94,0.96,0.90,0.92,104700
CHGS,20111031,1.05,1.05,0.98,1.02,55900
CHGS,20111028,1.05,1.10,1.02,1.04,167800
CHGS,20111027,1.00,1.04,0.99,1.02,119400
CHGS,20111026,1.02,1.02,0.97,0.98,40900
CHGS,20111025,1.01,1.02,0.98,1.01,63500
CHGS,20111024,1.00,1.03,0.95,1.02,119200
CHGS,20111021,1.04,1.05,0.99,1.00,49800
CHGS,20111020,0.99,1.08,0.99,1.04,44900
CHGS,20111019,1.05,1.05,0.98,0.99,89400
CHGS,20111018,1.05,1.05,0.97,1.05,117600
CHGS,20111017,1.01,1.07,0.91,1.06,87000
CHGS,20111014,1.01,1.22,1.00,1.05,516300
CHGS,20111013,1.06,1.06,0.94,1.00,43900
CHGS,20111012,1.06,1.10,1.06,1.07,34800
CHGS,20111011,1.04,1.08,1.02,1.05,45700
CHGS,20111010,1.15,1.15,1.03,1.07,33100
CHGS,20111007,1.04,1.14,1.01,1.07,112700
CHGS,20111006,0.90,1.05,0.90,1.02,96000
CHGS,20111005,0.79,0.90,0.79,0.89,101100
CHGS,20111004,0.82,0.83,0.67,0.80,119200
CHGS,20111003,0.86,0.90,0.83,0.84,69500
CHGS,20110930,0.99,1.00,0.90,0.90,122100
CHGS,20110929,1.06,1.11,0.98,0.98,146100
CHGS,20110928,1.07,1.19,1.05,1.06,54800
CHGS,20110927,1.03,1.24,1.03,1.05,133200
CHGS,20110926,1.03,1.03,0.96,1.02,119700
CHGS,20110923,1.04,1.05,0.98,1.02,117400
CHGS,20110922,1.09,1.10,1.03,1.05,167000
CHGS,20110921,1.21,1.21,1.11,1.12,165200
CHGS,20110920,1.25,1.25,1.20,1.22,106000
CHGS,20110919,1.27,1.27,1.22,1.25,49200
CHGS,20110916,1.25,1.30,1.20,1.29,92800
CHGS,20110915,1.29,1.31,1.21,1.25,71100
CHGS,20110914,1.37,1.37,1.25,1.28,63500
CHGS,20110913,1.31,1.32,1.24,1.31,29700
CHGS,20110912,1.33,1.35,1.30,1.30,28200
CHGS,20110909,1.35,1.39,1.30,1.35,33300
CHGS,20110908,1.43,1.44,1.31,1.37,83300
CHGS,20110907,1.23,1.39,1.23,1.39,109700
CHGS,20110906,1.26,1.30,1.21,1.25,62400
CHGS,20110902,1.31,1.33,1.27,1.32,57500
CHGS,20110901,1.45,1.45,1.30,1.34,54000
CHGS,20110831,1.50,1.54,1.40,1.45,173200
CHGS,20110830,1.30,1.50,1.30,1.46,179600
CHGS,20110829,1.27,1.33,1.27,1.30,120700
CHGS,20110826,1.25,1.30,1.22,1.25,119700
CHGS,20110825,1.30,1.30,1.24,1.24,77100
CHGS,20110824,1.28,1.36,1.25,1.28,92200
CHGS,20110823,1.30,1.35,1.27,1.29,83600
CHGS,20110822,1.35,1.41,1.28,1.30,82900
CHGS,20110819,1.32,1.38,1.28,1.33,104800
CHGS,20110818,1.39,1.44,1.30,1.35,144300
CHGS,20110817,1.50,1.58,1.39,1.46,136000
CHGS,20110816,1.70,1.70,1.42,1.49,272500
CHGS,20110815,2.26,2.26,1.58,1.67,519800
CHGS,20110812,1.34,1.56,1.31,1.55,418800
CHGS,20110811,1.25,1.30,1.16,1.29,242200
CHGS,20110810,1.17,1.32,1.10,1.13,216200
CHGS,20110809,1.19,1.34,1.11,1.19,149200
CHGS,20110808,1.03,1.30,1.01,1.18,322000
CHGS,20110805,1.48,1.48,1.30,1.31,188300
CHGS,20110804,1.54,1.66,1.36,1.39,236900
CHGS,20110803,1.59,1.59,1.46,1.53,172800
CHGS,20110802,1.65,1.65,1.53,1.54,159400
CHGS,20110801,1.71,1.71,1.60,1.62,95600
CHGS,20110729,1.65,1.65,1.61,1.65,121600
CHGS,20110728,1.69,1.79,1.65,1.66,197500
CHGS,20110727,1.73,1.81,1.65,1.67,263200
CHGS,20110726,1.71,1.85,1.62,1.77,819700
CHGS,20110725,1.63,1.75,1.60,1.70,131800
CHGS,20110722,1.75,1.88,1.66,1.67,615300
CHGS,20110721,1.67,1.78,1.65,1.77,207300
CHGS,20110720,1.76,1.79,1.66,1.68,146200
CHGS,20110719,1.56,1.79,1.56,1.74,285600
CHGS,20110718,1.60,1.65,1.41,1.56,153700
CHGS,20110715,1.71,1.72,1.64,1.64,72900
CHGS,20110714,1.69,1.74,1.65,1.68,85500
CHGS,20110713,1.75,1.75,1.64,1.70,103900
CHGS,20110712,1.66,1.74,1.66,1.71,69700
CHGS,20110711,1.80,1.82,1.65,1.66,143100
CHGS,20110708,1.80,1.86,1.77,1.78,104200
CHGS,20110707,1.93,1.95,1.78,1.80,265100
CHGS,20110706,1.87,2.05,1.81,1.93,87800
CHGS,20110705,1.83,1.93,1.83,1.90,62900
CHGS,20110701,1.86,1.87,1.80,1.86,123400
CHGS,20110630,1.86,1.96,1.85,1.87,139000
CHGS,20110629,1.85,1.98,1.76,1.92,192500
CHGS,20110628,1.89,1.93,1.80,1.86,125400
CHGS,20110627,1.88,2.01,1.82,1.82,155400
CHGS,20110624,2.06,2.27,1.93,1.94,489600
CHGS,20110623,2.17,2.35,1.92,2.04,1109100
CHGS,20110622,1.55,2.25,1.50,2.10,757400
CHGS,20110621,1.55,1.65,1.50,1.53,68000
CHGS,20110620,1.53,1.56,1.50,1.54,51700
CHGS,20110617,1.60,1.60,1.45,1.53,147100
CHGS,20110616,1.73,1.73,1.54,1.56,133200
CHGS,20110615,1.71,1.83,1.65,1.70,91900
CHGS,20110614,1.80,1.81,1.70,1.74,80400
CHGS,20110613,1.81,1.83,1.66,1.75,284800
CHGS,20110610,1.75,1.75,1.58,1.60,284400
CHGS,20110609,1.83,1.86,1.65,1.75,143900
CHGS,20110608,1.98,2.00,1.77,1.81,307200
CHGS,20110607,2.02,2.04,1.99,1.99,150300
CHGS,20110606,2.10,2.14,2.01,2.01,141500
CHGS,20110603,2.10,2.16,2.10,2.13,101400
CHGS,20110602,2.14,2.20,2.12,2.16,72400
CHGS,20110601,2.28,2.30,2.17,2.19,122400
CHGS,20110531,2.25,2.36,2.20,2.31,218400
CHGS,20110527,2.14,2.25,2.10,2.18,199100
CHGS,20110526,2.06,2.16,2.06,2.09,60500
CHGS,20110525,2.17,2.17,2.09,2.10,124300
CHGS,20110524,2.14,2.28,2.14,2.18,200000
CHGS,20110523,2.20,2.21,2.13,2.14,110200
CHGS,20110520,2.25,2.25,2.16,2.21,121700
CHGS,20110519,2.35,2.38,2.21,2.25,199200
CHGS,20110518,2.24,2.50,2.17,2.30,283200
CHGS,20110517,2.20,2.24,2.11,2.12,359900
CHGS,20110516,2.30,2.36,2.25,2.25,306000
CHGS,20110513,2.50,2.50,2.38,2.40,214200
CHGS,20110512,2.52,2.54,2.45,2.51,206200
CHGS,20110511,2.54,2.62,2.50,2.54,152900
CHGS,20110510,2.66,2.72,2.58,2.59,121600
CHGS,20110509,2.68,2.68,2.54,2.64,124700
CHGS,20110506,2.50,2.60,2.42,2.60,161000
CHGS,20110505,2.40,2.60,2.40,2.48,351300
CHGS,20110504,2.60,2.68,2.32,2.43,691800
CHGS,20110503,2.72,2.81,2.58,2.61,399000
CHGS,20110502,2.74,2.79,2.68,2.68,170100
CHGS,20110429,2.66,2.74,2.65,2.73,263000
CHGS,20110428,2.75,2.78,2.66,2.66,278800
CHGS,20110427,2.77,2.89,2.68,2.76,414100
CHGS,20110426,2.83,2.83,2.71,2.74,340300
CHGS,20110425,2.89,2.90,2.75,2.83,346600
CHGS,20110421,3.00,3.00,2.80,2.84,352000
CHGS,20110420,2.90,2.94,2.75,2.93,430900
CHGS,20110419,2.93,2.94,2.80,2.80,581500
CHGS,20110418,3.03,3.06,2.90,2.92,554600
CHGS,20110415,3.10,3.15,3.03,3.03,500800
CHGS,20110414,3.07,3.23,3.03,3.10,638600
CHGS,20110413,3.17,3.25,3.01,3.16,689200
CHGS,20110412,3.11,3.17,3.05,3.05,731000
CHGS,20110411,3.21,3.50,3.12,3.20,2833700
CHGS,20110408,3.19,3.25,3.00,3.05,2036600
CHGS,20110407,2.88,3.17,2.88,3.14,2841500
CHGS,20110406,2.86,3.00,2.82,2.87,524100
CHGS,20110405,2.92,2.94,2.81,2.86,485200
CHGS,20110404,3.10,3.10,2.89,2.92,794100
CHGS,20110401,3.14,3.14,2.81,2.92,1352000
CHGS,20110331,3.16,3.21,3.00,3.05,2123900
CHGS,20110330,3.63,3.68,3.37,3.51,2160600
CHGS,20110329,3.47,3.68,3.27,3.37,5381400
CHGS,20110328,2.93,3.20,2.90,2.94,1235700
CHGS,20110325,3.14,3.24,2.80,2.89,1878200
CHGS,20110324,3.58,3.60,3.03,3.19,2846100
CHGS,20110323,3.60,4.25,3.30,3.38,11369300
CHGS,20110322,1.97,3.30,1.97,3.22,4118900
CHGS,20110321,1.99,2.05,1.96,1.97,142700
CHGS,20110318,1.96,2.04,1.95,1.96,138900
CHGS,20110317,2.06,2.06,1.96,1.96,214000
CHGS,20110316,2.03,2.15,2.00,2.03,178600
CHGS,20110315,1.99,2.17,1.95,2.02,419200
CHGS,20110314,2.37,2.37,2.15,2.16,277800
CHGS,20110311,2.34,2.46,2.25,2.39,359400
CHGS,20110310,2.45,2.50,2.24,2.34,383600
CHGS,20110309,2.73,2.73,2.55,2.55,237800
CHGS,20110308,2.70,2.78,2.65,2.65,206900
CHGS,20110307,2.72,2.88,2.64,2.70,433400
CHGS,20110304,2.74,2.74,2.60,2.68,198200
CHGS,20110303,2.65,2.82,2.55,2.71,396800
CHGS,20110302,2.69,2.71,2.61,2.61,236700
CHGS,20110301,2.76,2.89,2.69,2.69,293200
CHGS,20110228,2.98,2.98,2.77,2.79,284500
CHGS,20110225,2.77,2.91,2.75,2.90,330000
CHGS,20110224,2.79,2.79,2.70,2.76,257800
CHGS,20110223,2.95,2.95,2.69,2.80,389100
CHGS,20110222,3.08,3.08,2.81,2.85,644800
CHGS,20110218,3.24,3.24,3.02,3.06,616700
CHGS,20110217,3.25,3.33,3.22,3.23,585400
CHGS,20110216,3.35,3.49,3.20,3.22,1473900
CHGS,20110215,3.04,3.14,3.00,3.04,462100
CHGS,20110214,3.04,3.18,2.90,3.03,836700
CHGS,20110211,3.29,3.39,3.02,3.04,646600
CHGS,20110210,3.43,3.50,3.27,3.34,519400
CHGS,20110209,3.26,3.66,3.26,3.53,2477400
CHGS,20110208,3.26,3.38,3.16,3.28,588300
CHGS,20110207,3.15,3.34,3.15,3.23,539000
CHGS,20110204,3.33,3.34,3.12,3.17,706400
CHGS,20110203,3.52,3.52,3.11,3.25,1066400
CHGS,20110202,3.14,3.50,3.08,3.47,2774700
CHGS,20110201,2.75,3.25,2.71,3.12,2640000
CHGS,20110131,2.69,2.72,2.62,2.66,319300
CHGS,20110128,2.70,2.80,2.57,2.65,510500
CHGS,20110127,2.72,2.94,2.59,2.69,646400
CHGS,20110126,2.88,2.90,2.75,2.75,478800
CHGS,20110125,3.09,3.09,2.80,2.85,691200
CHGS,20110124,2.88,3.10,2.77,3.07,1012900
CHGS,20110121,3.01,3.17,2.91,2.93,938200
CHGS,20110120,2.97,3.07,2.70,2.92,1164400
CHGS,20110119,3.14,3.20,2.90,2.97,1253700
CHGS,20110118,3.41,3.43,3.10,3.18,1366200
CHGS,20110114,3.53,3.54,3.38,3.41,924800
CHGS,20110113,3.76,3.84,3.55,3.60,1106200
CHGS,20110112,3.60,3.83,3.54,3.68,2137000
CHGS,20110111,3.73,3.83,3.50,3.52,1320700
CHGS,20110110,3.66,3.77,3.42,3.63,1507800
CHGS,20110107,3.78,3.78,3.36,3.46,1772200
CHGS,20110106,3.93,3.93,3.70,3.78,2286300
CHGS,20110105,4.22,4.22,3.64,3.72,6543900
CHGS,20110104,4.00,4.50,3.76,4.37,7317200
CHGS,20110103,4.71,4.82,4.03,4.17,8533900
CHGS,20101231,4.73,5.25,4.51,5.15,14737200
CHGS,20101230,4.40,6.74,4.01,4.18,24729100
CHGS,20101229,2.25,2.75,2.21,2.64,6470700
CHGS,20101228,1.84,2.17,1.80,2.11,2874700
CHGS,20101227,1.68,1.75,1.67,1.69,185400
CHGS,20101223,1.76,1.77,1.68,1.69,130600
CHGS,20101222,1.81,1.81,1.73,1.76,145500
CHGS,20101221,1.70,1.82,1.70,1.77,363800
CHGS,20101220,1.72,1.74,1.67,1.69,83800
CHGS,20101217,1.72,1.77,1.66,1.74,98100
CHGS,20101216,1.71,1.84,1.70,1.72,282000
CHGS,20101215,1.64,1.77,1.63,1.71,517400
CHGS,20101214,1.78,1.78,1.60,1.63,326400
CHGS,20101213,1.62,1.81,1.62,1.74,650400
CHGS,20101210,1.65,1.76,1.58,1.62,244000
CHGS,20101209,1.65,1.78,1.63,1.66,240300
CHGS,20101208,1.66,1.70,1.63,1.67,153800
CHGS,20101207,1.85,1.87,1.60,1.63,580900
CHGS,20101206,1.55,1.95,1.55,1.84,1339400
CHGS,20101203,1.37,1.62,1.37,1.57,476800
CHGS,20101202,1.44,1.45,1.35,1.38,72600
CHGS,20101201,1.45,1.48,1.41,1.45,101100
CHGS,20101130,1.35,1.46,1.31,1.42,110000
CHGS,20101129,1.32,1.37,1.31,1.37,66900
CHGS,20101126,1.41,1.41,1.36,1.36,36000
CHGS,20101124,1.64,1.65,1.36,1.41,92800
CHGS,20101123,1.40,1.44,1.34,1.36,123700
CHGS,20101122,1.49,1.51,1.43,1.44,183900
CHGS,20101119,1.55,1.58,1.43,1.49,303500
CHGS,20101118,1.55,1.65,1.53,1.57,184300
CHGS,20101117,1.55,1.60,1.51,1.52,183000
CHGS,20101116,1.70,1.71,1.53,1.58,285600
CHGS,20101115,1.74,1.87,1.68,1.72,169600
CHGS,20101112,1.74,1.92,1.66,1.73,423200
CHGS,20101111,1.80,1.82,1.75,1.78,71300
CHGS,20101110,1.80,1.90,1.73,1.85,209900
CHGS,20101109,1.89,2.05,1.80,1.80,546300
CHGS,20101108,1.74,1.97,1.71,1.91,713900
CHGS,20101105,1.76,1.88,1.67,1.77,513700
CHGS,20101104,1.70,1.76,1.62,1.74,499800
CHGS,20101103,1.74,1.74,1.66,1.69,308500
CHGS,20101102,1.81,1.87,1.74,1.78,249700
CHGS,20101101,1.96,1.96,1.75,1.83,446600
CHGS,20101029,1.96,2.00,1.90,1.92,290900
CHGS,20101028,2.19,2.29,1.90,2.00,1429900
CHGS,20101027,1.91,2.25,1.90,2.08,2580700
CHGS,20101026,1.78,1.93,1.68,1.86,926800
CHGS,20101025,1.90,2.03,1.68,1.72,1218600
CHGS,20101022,2.09,2.25,1.84,1.87,1283400
CHGS,20101021,2.00,2.39,1.91,2.21,3571600
CHGS,20101020,1.46,2.54,1.46,1.84,3639700
CHGS,20101019,1.61,1.61,1.45,1.46,119200
CHGS,20101018,1.47,1.65,1.46,1.58,179700
CHGS,20101015,1.45,1.48,1.42,1.47,60000
CHGS,20101014,1.50,1.51,1.40,1.44,60200
CHGS,20101013,1.44,1.48,1.40,1.48,148900
CHGS,20101012,1.48,1.48,1.35,1.42,131300
CHGS,20101011,1.52,1.75,1.41,1.46,468800
CHGS,20101008,1.20,1.53,1.20,1.51,870200
CHGS,20101007,1.18,1.20,1.13,1.18,128800
CHGS,20101006,1.15,1.20,1.13,1.17,116400
CHGS,20101005,1.20,1.20,1.12,1.13,48200
CHGS,20101004,1.14,1.18,1.14,1.18,18100
CHGS,20101001,1.15,1.22,1.12,1.20,85200
CHGS,20100930,1.13,1.16,1.12,1.14,27200
CHGS,20100929,1.14,1.16,1.13,1.14,24500
CHGS,20100928,1.19,1.19,1.13,1.15,30800
CHGS,20100927,1.15,1.20,1.15,1.18,13500
CHGS,20100924,1.14,1.17,1.14,1.17,10200
CHGS,20100923,1.14,1.19,1.12,1.14,22900
CHGS,20100922,1.17,1.19,1.15,1.19,6200
CHGS,20100921,1.21,1.21,1.15,1.20,30700
CHGS,20100920,1.22,1.22,1.17,1.22,19300
CHGS,20100917,1.23,1.23,1.22,1.22,5100
CHGS,20100916,1.22,1.28,1.18,1.22,17000
CHGS,20100915,1.23,1.26,1.20,1.25,30300
CHGS,20100914,1.28,1.29,1.23,1.26,62500
CHGS,20100913,1.20,1.34,1.17,1.26,167500
CHGS,20100910,1.18,1.26,1.15,1.19,25900
CHGS,20100909,1.19,1.19,1.16,1.16,27700
CHGS,20100908,1.21,1.25,1.16,1.21,20000
CHGS,20100907,1.15,1.18,1.14,1.16,25800
CHGS,20100903,1.15,1.19,1.15,1.18,5900
CHGS,20100902,1.19,1.22,1.15,1.15,17600
CHGS,20100901,1.16,1.20,1.15,1.20,30200
CHGS,20100831,1.25,1.25,1.12,1.14,41900
CHGS,20100830,1.25,1.26,1.20,1.25,29100
CHGS,20100827,1.14,1.18,1.10,1.18,51200
CHGS,20100826,1.20,1.20,1.15,1.19,34500
CHGS,20100825,1.20,1.24,1.18,1.23,14700
CHGS,20100824,1.25,1.27,1.20,1.20,15800
CHGS,20100823,1.30,1.30,1.22,1.27,63100
CHGS,20100820,1.18,1.29,1.18,1.23,22600
CHGS,20100819,1.22,1.22,1.17,1.18,50600
CHGS,20100818,1.25,1.25,1.20,1.24,36100
CHGS,20100817,1.25,1.29,1.25,1.27,16400
CHGS,20100816,1.25,1.28,1.25,1.25,19600
CHGS,20100813,1.28,1.32,1.25,1.25,11600
CHGS,20100812,1.22,1.27,1.17,1.25,54200
CHGS,20100811,1.35,1.36,1.20,1.24,75800
CHGS,20100810,1.35,1.40,1.28,1.31,91000
CHGS,20100809,1.40,1.44,1.40,1.40,19800
CHGS,20100806,1.41,1.45,1.27,1.42,77600
CHGS,20100805,1.27,1.44,1.27,1.40,39900
CHGS,20100804,1.33,1.37,1.26,1.30,42100
CHGS,20100803,1.40,1.40,1.33,1.34,29200
CHGS,20100802,1.30,1.45,1.30,1.36,141800
CHGS,20100730,1.25,1.30,1.25,1.30,36200
CHGS,20100729,1.30,1.34,1.28,1.29,96000
CHGS,20100728,1.45,1.45,1.30,1.32,53600
CHGS,20100727,1.54,1.54,1.42,1.42,64400
CHGS,20100726,1.58,1.64,1.48,1.50,114400
CHGS,20100723,1.48,1.64,1.45,1.53,26300
CHGS,20100722,1.49,1.64,1.45,1.45,99500
CHGS,20100721,1.34,1.51,1.34,1.49,163800
CHGS,20100720,1.26,1.35,1.24,1.34,74200
CHGS,20100719,1.22,1.28,1.22,1.26,15900
CHGS,20100716,1.24,1.28,1.21,1.22,15600
CHGS,20100715,1.28,1.30,1.21,1.28,50700
CHGS,20100714,1.33,1.41,1.27,1.30,62000
CHGS,20100713,1.37,1.37,1.30,1.35,59000
CHGS,20100712,1.40,1.41,1.37,1.37,31700
CHGS,20100709,1.32,1.40,1.32,1.38,59600
CHGS,20100708,1.35,1.35,1.25,1.32,33400
CHGS,20100707,1.21,1.31,1.21,1.29,28500
CHGS,20100706,1.26,1.33,1.26,1.28,33800
CHGS,20100702,1.33,1.33,1.18,1.28,24300
CHGS,20100701,1.34,1.35,1.22,1.33,61900
CHGS,20100630,1.22,1.41,1.17,1.34,141300
CHGS,20100629,1.32,1.32,1.18,1.18,165400
CHGS,20100628,1.27,1.36,1.21,1.35,218500
CHGS,20100625,1.43,1.44,1.36,1.41,48800
CHGS,20100624,1.58,1.58,1.41,1.41,80500
CHGS,20100623,1.59,1.76,1.50,1.59,103600
CHGS,20100622,1.80,1.84,1.60,1.65,93100
CHGS,20100621,1.74,1.90,1.65,1.67,94000
CHGS,20100618,1.60,1.75,1.60,1.73,89500
CHGS,20100617,1.95,1.98,1.55,1.61,249600
CHGS,20100616,1.76,1.93,1.74,1.84,104100
CHGS,20100615,1.28,1.75,1.28,1.74,218200
CHGS,20100614,1.35,1.56,1.35,1.52,129200
CHGS,20100611,1.28,1.48,1.17,1.29,178000
CHGS,20100610,1.31,1.38,1.19,1.35,86100
CHGS,20100609,1.31,1.35,1.22,1.26,23600
CHGS,20100608,1.27,1.31,1.23,1.29,95500
CHGS,20100607,1.45,1.45,1.25,1.25,28400
CHGS,20100604,1.39,1.40,1.30,1.36,43900
CHGS,20100603,1.35,1.44,1.33,1.40,61200
CHGS,20100602,1.40,1.41,1.33,1.35,23800
CHGS,20100601,1.38,1.42,1.36,1.40,28600
CHGS,20100528,1.59,1.59,1.43,1.44,82900
CHGS,20100527,1.57,1.69,1.55,1.56,73800
CHGS,20100526,1.59,1.70,1.57,1.57,30800
CHGS,20100525,1.49,1.60,1.40,1.60,48400
CHGS,20100524,1.62,1.69,1.47,1.56,47200
CHGS,20100521,1.40,1.71,1.32,1.60,81300
CHGS,20100520,1.55,1.55,1.35,1.50,141900
CHGS,20100519,1.78,1.78,1.52,1.62,157700
CHGS,20100518,1.80,1.88,1.74,1.77,71800
CHGS,20100517,2.01,2.04,1.75,1.88,253500
CHGS,20100514,2.39,2.39,2.14,2.14,67500
CHGS,20100513,2.39,2.54,2.12,2.29,109600
CHGS,20100512,1.92,2.25,1.92,2.25,35700
CHGS,20100511,2.25,2.29,2.06,2.14,86100
CHGS,20100510,1.94,2.26,1.92,2.26,172100
CHGS,20100507,1.90,2.00,1.75,1.80,186000
CHGS,20100506,2.10,2.11,1.64,1.90,296100
CHGS,20100505,2.15,2.23,2.04,2.10,155500
CHGS,20100504,2.55,2.55,2.16,2.26,193400
CHGS,20100503,2.62,2.62,2.48,2.57,92900
CHGS,20100430,2.68,2.73,2.57,2.57,80700
CHGS,20100429,2.72,2.72,2.60,2.72,73800
CHGS,20100428,2.67,2.73,2.65,2.73,124100
CHGS,20100427,2.63,2.67,2.62,2.66,66300
CHGS,20100426,2.59,2.66,2.52,2.60,306800
CHGS,20100423,2.55,2.58,2.54,2.58,52700
CHGS,20100422,2.51,2.60,2.43,2.52,139200
CHGS,20100421,2.65,2.72,2.53,2.58,182300
CHGS,20100420,2.70,2.70,2.62,2.68,89300
CHGS,20100419,2.70,2.73,2.62,2.63,136200
CHGS,20100416,2.80,2.82,2.72,2.74,96000
CHGS,20100415,2.83,2.83,2.75,2.82,101100
CHGS,20100414,2.92,2.92,2.76,2.83,91700
CHGS,20100413,2.79,2.89,2.70,2.81,106700
CHGS,20100412,2.90,2.90,2.80,2.83,79300
CHGS,20100409,2.94,2.94,2.87,2.90,127400
CHGS,20100408,2.95,2.95,2.82,2.88,84900
CHGS,20100407,2.93,2.97,2.72,2.84,211300
CHGS,20100406,2.61,3.00,2.61,2.89,302300
CHGS,20100405,2.80,2.80,2.59,2.65,209700
CHGS,20100401,2.75,2.84,2.67,2.76,286300
CHGS,20100331,2.92,2.92,2.70,2.76,219300
CHGS,20100330,2.90,3.05,2.76,2.88,697400
CHGS,20100329,3.10,3.23,3.05,3.23,234100
CHGS,20100326,3.14,3.25,3.05,3.13,123700
CHGS,20100325,3.47,3.47,3.11,3.17,224500
CHGS,20100324,3.06,3.40,3.06,3.25,381200
CHGS,20100323,2.85,3.13,2.82,3.05,384400
CHGS,20100322,2.68,2.85,2.63,2.83,200000
CHGS,20100319,2.61,2.85,2.61,2.73,250900
CHGS,20100318,2.84,2.92,2.54,2.63,334400
CHGS,20100317,2.90,3.04,2.79,2.82,157000
CHGS,20100316,3.06,3.17,2.85,2.95,241000
CHGS,20100315,3.21,3.26,2.99,3.13,267100
CHGS,20100312,3.56,3.61,3.21,3.27,287300
CHGS,20100311,3.21,3.65,3.15,3.49,473900
CHGS,20100310,3.47,3.60,3.11,3.16,452900
CHGS,20100309,3.82,3.96,3.39,3.41,430200
CHGS,20100308,4.05,4.35,3.48,3.82,1346800
CHGS,20100305,3.40,4.30,3.28,3.77,1561400
CHGS,20100304,3.17,3.74,2.60,3.38,859900
CHGS,20100303,2.93,3.25,2.93,3.18,421500
CHGS,20100302,2.60,2.74,2.55,2.67,30600
CHGS,20100301,2.54,2.68,2.48,2.60,27600
CHGS,20100226,2.45,2.54,2.45,2.54,5200
CHGS,20100225,2.40,2.65,2.30,2.50,31600
CHGS,20100224,2.30,2.40,2.30,2.40,9300
CHGS,20100223,2.35,2.50,2.30,2.32,15600
CHGS,20100222,2.63,2.65,2.50,2.50,9300
CHGS,20100219,2.50,2.65,2.50,2.65,10000
CHGS,20100218,2.68,2.68,2.50,2.58,15300
CHGS,20100217,2.69,2.70,2.64,2.65,18000
CHGS,20100216,2.45,2.60,2.45,2.55,13300
CHGS,20100212,2.50,2.50,2.47,2.50,8200
CHGS,20100211,2.60,2.60,2.45,2.59,17700
CHGS,20100210,2.45,2.60,2.45,2.60,3200
CHGS,20100209,2.60,2.60,2.45,2.50,5700
CHGS,20100208,2.31,2.60,2.31,2.45,16400
CHGS,20100205,2.35,2.45,2.35,2.40,9200
CHGS,20100204,2.55,2.58,2.31,2.44,14400
CHGS,20100203,2.60,2.60,2.52,2.52,10200
CHGS,20100202,2.45,2.75,2.40,2.58,22300
CHGS,20100201,2.30,2.37,2.21,2.35,17200
CHGS,20100129,2.31,2.35,2.25,2.26,19300
CHGS,20100128,2.33,2.40,2.27,2.30,37900
CHGS,20100127,2.60,2.60,2.35,2.35,44400
CHGS,20100126,2.75,2.75,2.60,2.60,21500
CHGS,20100125,2.80,2.80,2.71,2.73,16500
CHGS,20100122,2.66,2.89,2.66,2.70,45300
CHGS,20100121,2.90,2.90,2.71,2.87,35400
CHGS,20100120,3.05,3.05,2.90,2.90,24300
CHGS,20100119,2.91,3.05,2.91,3.05,67800
CHGS,20100115,2.96,2.96,2.92,2.92,20800
CHGS,20100114,3.05,3.05,2.94,2.95,54500
CHGS,20100113,2.98,3.05,2.94,3.00,57600
CHGS,20100112,2.95,2.98,2.90,2.98,53900
CHGS,20100111,2.72,2.95,2.71,2.85,71100
CHGS,20100108,2.75,2.75,2.67,2.67,28600
CHGS,20100107,2.72,2.73,2.61,2.71,77800
CHGS,20100106,2.40,2.75,2.40,2.72,227900
CHGS,20100105,2.29,2.30,2.27,2.28,32900
CHGS,20100104,2.31,2.31,2.22,2.30,44600
CHGS,20091231,2.25,2.31,2.25,2.25,45200
CHGS,20091230,2.30,2.31,2.20,2.30,31500
CHGS,20091229,2.30,2.31,2.25,2.30,31600
CHGS,20091228,2.35,2.35,2.30,2.30,27000
CHGS,20091224,2.32,2.32,2.22,2.32,17200
CHGS,20091223,2.38,2.38,2.30,2.32,8800
CHGS,20091222,2.40,2.43,2.38,2.38,17300
CHGS,20091221,2.44,2.44,2.40,2.43,7500
CHGS,20091218,2.45,2.45,2.40,2.43,22000
CHGS,20091217,2.53,2.54,2.40,2.40,13600
CHGS,20091216,2.75,2.75,2.52,2.53,47900
CHGS,20091215,2.54,2.55,2.50,2.53,56500
CHGS,20091214,2.52,2.53,2.50,2.50,80000
CHGS,20091211,2.55,2.55,2.47,2.50,27800
CHGS,20091210,2.25,2.59,2.25,2.40,51300
CHGS,20091209,2.19,2.20,2.17,2.20,43000
CHGS,20091208,1.98,2.19,1.98,2.19,22000
CHGS,20091207,2.05,2.05,2.00,2.00,16300
CHGS,20091204,1.99,2.02,1.87,2.02,13700
CHGS,20091203,2.00,2.00,1.95,1.98,25100
CHGS,20091202,2.00,2.00,1.97,2.00,19500
CHGS,20091201,1.94,2.00,1.93,1.99,46200
CHGS,20091130,1.95,1.95,1.90,1.94,21200
CHGS,20091127,1.91,1.95,1.91,1.94,7800
CHGS,20091125,2.00,2.00,1.90,1.91,18000
CHGS,20091124,1.90,2.00,1.90,2.00,25300
CHGS,20091123,1.90,1.94,1.90,1.90,75400
CHGS,20091120,1.81,1.93,1.80,1.90,17100
CHGS,20091119,1.93,1.95,1.85,1.95,43700
CHGS,20091118,1.95,1.99,1.95,1.95,9700
CHGS,20091117,2.01,2.02,1.95,1.99,54000
CHGS,20091116,2.00,2.04,1.96,2.00,108900
CHGS,20091113,2.00,2.10,2.00,2.10,127400
CHGS,20091112,1.98,2.00,1.98,2.00,99000
CHGS,20091111,1.98,2.00,1.98,1.98,13500
CHGS,20091110,2.00,2.00,1.95,2.00,6400
CHGS,20091109,2.05,2.05,1.95,1.95,92200
CHGS,20091106,2.00,2.04,1.93,2.04,26000
CHGS,20091105,2.00,2.00,1.90,2.00,59600
CHGS,20091104,1.85,2.15,1.85,2.05,25400
CHGS,20091103,1.78,1.85,1.75,1.80,30700
CHGS,20091102,1.78,1.80,1.75,1.80,16900
CHGS,20091030,1.80,1.80,1.75,1.77,9600
CHGS,20091029,1.59,1.80,1.59,1.80,22400
CHGS,20091028,1.80,1.80,1.55,1.59,24300
CHGS,20091027,1.80,1.80,1.76,1.78,11100
CHGS,20091026,1.75,1.75,1.71,1.75,14400
CHGS,20091023,1.75,1.75,1.73,1.75,14900
CHGS,20091022,1.75,1.75,1.70,1.73,14800
CHGS,20091021,1.72,1.75,1.70,1.75,36500
CHGS,20091020,1.72,1.74,1.70,1.70,61300
CHGS,20091019,1.80,1.90,1.65,1.70,215300
CHGS,20091016,1.86,1.86,1.78,1.80,359700
CHGS,20091015,1.86,1.99,1.84,1.85,535800
CHGS,20091014,1.82,1.89,1.82,1.86,321700
CHGS,20091013,1.77,1.82,1.76,1.82,137600
CHGS,20091012,1.64,1.75,1.64,1.75,70200
CHGS,20091009,1.67,1.67,1.50,1.62,56300
CHGS,20091008,1.70,1.70,1.50,1.67,31100
CHGS,20091007,1.75,1.75,1.66,1.70,43800
CHGS,20091006,1.65,1.72,1.65,1.72,55500
CHGS,20091005,1.63,1.65,1.60,1.65,11100
CHGS,20091002,1.75,1.75,1.61,1.61,17600
CHGS,20091001,1.58,1.92,1.58,1.70,109900
CHGS,20090930,1.55,1.58,1.54,1.58,54300
CHGS,20090929,1.51,1.59,1.46,1.53,86600
CHGS,20090928,1.48,1.65,1.45,1.60,83500
CHGS,20090925,1.42,1.48,1.42,1.48,19300
CHGS,20090924,1.43,1.43,1.43,1.43,12600
CHGS,20090923,1.24,1.45,1.24,1.45,32200
CHGS,20090922,1.24,1.24,1.24,1.24,12000
CHGS,20090921,1.24,1.24,1.17,1.24,44400
CHGS,20090918,1.24,1.24,1.24,1.24,15100
CHGS,20090917,1.23,1.24,1.23,1.24,18200
CHGS,20090916,1.21,1.22,1.21,1.22,33700
CHGS,20090915,1.24,1.25,1.19,1.22,60100
CHGS,20090914,1.15,1.24,1.15,1.24,74100
CHGS,20090911,1.20,1.20,1.20,1.20,1500
CHGS,20090910,1.20,1.20,1.20,1.20,9500
CHGS,20090909,1.22,1.22,1.22,1.22,500
CHGS,20090908,1.25,1.25,1.25,1.25,500
CHGS,20090904,1.15,1.27,1.15,1.27,1500
CHGS,20090903,1.28,1.28,1.28,1.28,500
CHGS,20090902,1.29,1.29,1.29,1.29,500
CHGS,20090901,1.35,1.35,0.86,1.29,3900
CHGS,20090831,1.40,1.40,0.80,0.80,6200
CHGS,20090828,1.33,1.45,1.33,1.45,7900
CHGS,20090827,1.43,1.43,1.43,1.43,2700
CHGS,20090826,1.45,1.45,1.45,1.45,1500
CHGS,20090825,1.36,1.45,1.36,1.45,1000
CHGS,20090824,1.45,1.45,1.45,1.45,15200
CHGS,20090821,1.45,1.45,1.45,1.45,1100
CHGS,20090820,1.45,1.45,1.36,1.45,1700
CHGS,20090819,1.50,1.50,1.50,1.50,6800
CHGS,20090818,1.50,1.50,1.50,1.50,500
CHGS,20090817,1.50,1.50,1.50,1.50,1100
CHGS,20090814,1.50,1.50,1.40,1.50,3100
CHGS,20090813,1.50,1.50,1.50,1.50,4900
CHGS,20090812,1.50,1.50,1.50,1.50,6200
CHGS,20090811,1.48,1.48,1.48,1.48,000
CHGS,20090810,1.50,1.50,1.48,1.48,1200
CHGS,20090807,1.50,1.50,1.50,1.50,000
CHGS,20090806,1.55,1.55,1.40,1.50,2200
CHGS,20090805,1.55,1.58,1.55,1.58,2300
CHGS,20090804,1.52,1.53,1.52,1.53,2000
CHGS,20090803,1.57,1.57,1.55,1.55,3100
CHGS,20090731,1.65,1.65,1.57,1.57,8300
CHGS,20090730,1.45,1.55,1.43,1.55,5500
CHGS,20090729,1.50,1.50,1.47,1.47,1500
CHGS,20090728,1.69,1.69,1.69,1.69,500
CHGS,20090727,1.74,1.74,1.74,1.74,500
CHGS,20090724,1.94,1.94,1.94,1.94,2000
CHGS,20090723,0.85,1.07,0.85,1.07,46700
CHGS,20090722,1.07,1.07,1.07,1.07,500
CHGS,20090721,1.07,1.07,1.07,1.07,500
CHGS,20090720,1.03,1.03,1.03,1.03,500
CHGS,20090717,1.02,1.02,1.02,1.02,1500
CHGS,20090716,1.03,1.03,1.00,1.00,13500
CHGS,20090715,1.00,1.00,1.00,1.00,6000
CHGS,20090714,1.01,1.01,1.01,1.01,500
CHGS,20090713,1.01,1.01,1.01,1.01,500
CHGS,20090710,1.01,1.01,1.01,1.01,500
CHGS,20090709,1.01,1.01,1.01,1.01,100
CHGS,20090708,1.01,1.01,1.01,1.01,2600
CHGS,20090707,1.03,1.03,1.03,1.03,1000
CHGS,20090706,1.03,1.03,1.03,1.03,500
CHGS,20090702,1.03,1.03,1.00,1.00,41500
CHGS,20090701,1.00,1.03,1.00,1.03,30500
CHGS,20090630,0.90,1.00,0.90,1.00,57500
CHGS,20090629,1.00,1.00,1.00,1.00,8000
CHGS,20090626,1.00,1.00,1.00,1.00,500
CHGS,20090625,1.03,1.03,1.03,1.03,1200
CHGS,20090624,0.95,1.00,0.95,1.00,35600
CHGS,20090623,1.00,1.00,1.00,1.00,500
CHGS,20090622,1.00,1.00,1.00,1.00,3600
CHGS,20090619,1.00,1.03,1.00,1.03,52000
CHGS,20090618,1.03,1.03,1.03,1.03,200
CHGS,20090617,1.03,1.03,1.03,1.03,500
CHGS,20090616,1.00,1.03,1.00,1.03,25300
CHGS,20090615,1.00,1.00,0.80,0.99,12600
CHGS,20090612,1.00,1.03,1.00,1.00,11200
CHGS,20090611,0.99,1.05,0.99,1.05,48400
CHGS,20090610,0.99,0.99,0.99,0.99,11500
CHGS,20090609,0.99,0.99,0.99,0.99,7500
CHGS,20090608,0.98,0.98,0.98,0.98,500
CHGS,20090605,0.99,0.99,0.85,0.98,6800
CHGS,20090604,0.99,0.99,0.99,0.99,4200
CHGS,20090603,0.99,0.99,0.99,0.99,5000
CHGS,20090602,0.95,0.99,0.85,0.99,16500
CHGS,20090601,0.95,0.95,0.95,0.95,2100
CHGS,20090529,0.95,1.00,0.95,1.00,7000
CHGS,20090528,0.95,0.95,0.95,0.95,200
CHGS,20090527,0.95,0.95,0.90,0.95,45800
CHGS,20090526,0.70,0.80,0.64,0.80,85500
CHGS,20090522,0.77,0.85,0.62,0.62,33200
CHGS,20090521,0.77,0.77,0.77,0.77,400
CHGS,20090520,0.77,0.77,0.77,0.77,1500
CHGS,20090519,0.77,0.77,0.77,0.77,1000
CHGS,20090518,0.75,0.77,0.74,0.77,6800
CHGS,20090515,0.77,0.77,0.74,0.74,10400
CHGS,20090514,0.85,0.94,0.77,0.85,22100
CHGS,20090513,0.85,0.94,0.85,0.85,50100
CHGS,20090512,0.85,0.94,0.85,0.94,4100
CHGS,20090511,0.95,0.95,0.90,0.94,8600
CHGS,20090508,0.95,0.95,0.90,0.95,17800
CHGS,20090507,0.85,0.95,0.85,0.90,27200
CHGS,20090506,0.70,0.85,0.70,0.85,13700
CHGS,20090505,0.70,0.75,0.70,0.75,57100
CHGS,20090504,0.65,0.70,0.65,0.70,13500
CHGS,20090501,0.65,0.70,0.60,0.60,12700
CHGS,20090430,0.75,0.75,0.70,0.75,58600
CHGS,20090429,0.75,0.75,0.75,0.75,3100
CHGS,20090428,0.80,0.80,0.75,0.75,8500
CHGS,20090427,0.68,0.80,0.68,0.80,27800
CHGS,20090424,0.70,0.75,0.70,0.75,6500
CHGS,20090423,0.55,0.85,0.55,0.85,8400
CHGS,20090422,0.60,0.85,0.60,0.85,6700
CHGS,20090421,0.60,0.60,0.60,0.60,500
CHGS,20090420,0.60,0.60,0.60,0.60,500
CHGS,20090417,0.40,0.60,0.40,0.60,3700
CHGS,20090416,0.60,0.60,0.60,0.60,500
CHGS,20090415,0.60,0.60,0.60,0.60,500
CHGS,20090414,0.60,0.60,0.60,0.60,1500
CHGS,20090413,0.54,0.60,0.54,0.60,35000
CHGS,20090409,0.55,0.55,0.55,0.55,16500
CHGS,20090408,0.55,0.55,0.55,0.55,500
CHGS,20090407,0.55,0.55,0.55,0.55,500
CHGS,20090406,0.55,0.55,0.55,0.55,4200
CHGS,20090403,0.55,0.55,0.55,0.55,500
CHGS,20090402,0.55,0.55,0.55,0.55,500
CHGS,20090401,0.55,0.55,0.55,0.55,500
CHGS,20090331,0.55,0.55,0.45,0.45,2500
CHGS,20090330,0.45,0.55,0.26,0.55,3200
CHGS,20090327,0.55,0.55,0.55,0.55,500
CHGS,20090326,0.55,0.55,0.55,0.55,500
CHGS,20090325,0.55,0.55,0.55,0.55,500
CHGS,20090324,0.55,0.55,0.55,0.55,500
CHGS,20090323,0.55,0.55,0.55,0.55,500
CHGS,20090320,0.45,0.55,0.45,0.55,7200
CHGS,20090319,0.55,0.55,0.55,0.55,3000
CHGS,20090318,0.55,0.55,0.55,0.55,500
CHGS,20090317,0.56,0.56,0.56,0.56,500
CHGS,20090316,0.56,0.56,0.56,0.56,500
CHGS,20090313,0.56,0.56,0.56,0.56,500
CHGS,20090312,0.51,0.57,0.50,0.56,8000
CHGS,20090311,0.59,0.59,0.59,0.59,500
CHGS,20090310,0.59,0.59,0.59,0.59,500
CHGS,20090309,0.59,0.59,0.59,0.59,500
CHGS,20090306,0.59,0.59,0.59,0.59,500
CHGS,20090305,0.59,0.59,0.59,0.59,500
CHGS,20090304,0.37,0.59,0.37,0.59,1100
CHGS,20090303,0.59,0.59,0.59,0.59,500
CHGS,20090302,0.60,0.60,0.60,0.60,500
CHGS,20090227,0.60,0.60,0.60,0.60,500
CHGS,20090226,0.60,0.60,0.60,0.60,2000
CHGS,20090225,0.60,0.60,0.60,0.60,500
CHGS,20090224,0.60,0.60,0.60,0.60,500
CHGS,20090223,0.53,0.60,0.53,0.60,3000
CHGS,20090220,0.66,0.66,0.66,0.66,500
CHGS,20090219,0.74,0.74,0.65,0.65,21700
CHGS,20090218,0.65,0.70,0.65,0.70,4900
CHGS,20090217,0.69,0.69,0.69,0.69,500
CHGS,20090213,0.60,0.75,0.60,0.70,540200
CHGS,20090212,0.62,0.62,0.62,0.62,500
CHGS,20090211,0.62,0.62,0.62,0.62,500
CHGS,20090210,0.60,0.75,0.60,0.62,8000
CHGS,20090209,0.60,0.60,0.60,0.60,3900
CHGS,20090206,0.55,0.63,0.55,0.63,1700
CHGS,20090205,0.63,0.63,0.42,0.63,900
CHGS,20090204,0.63,0.63,0.63,0.63,500
CHGS,20090203,0.53,0.63,0.53,0.63,4200
CHGS,20090202,0.63,0.63,0.51,0.63,4000
CHGS,20090130,0.60,0.65,0.53,0.65,3200
CHGS,20090129,0.60,0.60,0.60,0.60,1000
CHGS,20090128,0.45,0.60,0.45,0.60,22200
CHGS,20090127,0.55,0.55,0.55,0.55,500
CHGS,20090126,0.45,0.45,0.45,0.45,500
CHGS,20090123,0.49,0.49,0.35,0.45,42200
CHGS,20090122,0.55,0.55,0.50,0.50,2500
CHGS,20090121,0.60,0.60,0.42,0.42,21300
CHGS,20090120,0.64,0.64,0.64,0.64,500
CHGS,20090116,0.67,0.67,0.67,0.67,500
CHGS,20090115,0.67,0.67,0.67,0.67,1000
CHGS,20090114,0.70,0.70,0.70,0.70,700
CHGS,20090113,0.70,0.70,0.70,0.70,500
CHGS,20090112,0.84,0.84,0.62,0.70,16700
CHGS,20090109,0.71,0.85,0.71,0.80,11500
CHGS,20090108,0.70,0.70,0.70,0.70,4000
CHGS,20090107,0.70,0.70,0.70,0.70,500
CHGS,20090106,0.70,0.70,0.70,0.70,500
CHGS,20090105,0.55,0.70,0.55,0.70,6000
CHGS,20090102,0.45,0.55,0.45,0.55,2500
CHGS,20081231,0.57,0.57,0.57,0.57,2500
CHGS,20081230,0.60,0.63,0.54,0.61,612700
CHGS,20081229,0.51,0.51,0.51,0.51,4500
CHGS,20081226,0.63,0.63,0.63,0.63,500
CHGS,20081224,0.65,0.65,0.65,0.65,500
CHGS,20081223,0.65,0.65,0.65,0.65,500
CHGS,20081222,0.40,0.65,0.40,0.65,18700
CHGS,20081219,0.51,0.51,0.51,0.51,1400
CHGS,20081218,0.53,0.53,0.38,0.51,15200
CHGS,20081217,0.48,0.53,0.34,0.53,19300
CHGS,20081216,0.48,0.48,0.48,0.48,500
CHGS,20081215,0.34,0.53,0.34,0.53,5700
CHGS,20081212,0.34,0.34,0.34,0.34,500
CHGS,20081211,0.34,0.34,0.34,0.34,500
CHGS,20081210,0.33,0.34,0.33,0.34,5700
CHGS,20081209,0.34,0.34,0.32,0.32,1500
CHGS,20081208,0.34,0.34,0.28,0.34,1900
CHGS,20081205,0.32,0.32,0.32,0.32,500
CHGS,20081204,0.34,0.34,0.34,0.34,1500
CHGS,20081203,0.34,0.34,0.34,0.34,800
CHGS,20081202,0.34,0.34,0.25,0.34,13600
CHGS,20081201,0.30,0.34,0.27,0.34,13500
CHGS,20081128,0.30,0.30,0.30,0.30,14000
CHGS,20081126,0.30,0.30,0.30,0.30,5500
CHGS,20081125,0.30,0.30,0.30,0.30,2600
CHGS,20081124,0.34,0.34,0.30,0.30,1500
CHGS,20081121,0.34,0.34,0.34,0.34,500
CHGS,20081120,0.34,0.34,0.28,0.34,8800
CHGS,20081119,0.35,0.35,0.31,0.31,4700
CHGS,20081118,0.39,0.39,0.36,0.39,6300
CHGS,20081117,0.42,0.43,0.30,0.43,85700
CHGS,20081114,0.59,0.59,0.59,0.59,2000
CHGS,20081113,0.60,0.60,0.60,0.60,500
CHGS,20081112,0.60,0.60,0.60,0.60,500
CHGS,20081111,0.60,0.60,0.60,0.60,400
CHGS,20081110,0.60,0.60,0.60,0.60,500
CHGS,20081107,0.59,0.60,0.59,0.60,5100
CHGS,20081106,0.70,0.70,0.70,0.70,500
CHGS,20081105,0.70,0.70,0.70,0.70,500
CHGS,20081104,0.70,0.70,0.69,0.70,4400
CHGS,20081103,0.80,0.80,0.57,0.70,9300
CHGS,20081031,0.60,0.80,0.60,0.80,49500
CHGS,20081030,0.55,0.68,0.55,0.60,44900
CHGS,20081029,0.47,0.47,0.47,0.47,12000
CHGS,20081028,0.55,0.55,0.45,0.45,12500
CHGS,20081027,0.55,0.55,0.55,0.55,2500
CHGS,20081024,0.51,0.52,0.51,0.52,1000
CHGS,20081023,0.60,0.64,0.56,0.56,41500
CHGS,20081022,0.55,0.64,0.55,0.64,61700
CHGS,20081021,0.60,0.65,0.51,0.65,43700
CHGS,20081020,0.65,0.65,0.48,0.65,418800
CHGS,20081017,0.62,0.64,0.60,0.64,65400
CHGS,20081016,0.61,0.65,0.60,0.60,62500
CHGS,20081015,0.65,0.90,0.65,0.70,43900
CHGS,20081014,0.85,0.85,0.60,0.60,463300
CHGS,20081013,0.80,0.80,0.75,0.75,579100
CHGS,20081010,1.10,1.20,0.99,0.99,9300
CHGS,20081009,1.25,1.25,1.15,1.24,9100
CHGS,20081008,1.41,1.50,1.40,1.50,4700
CHGS,20081007,1.50,1.75,1.41,1.50,5600
CHGS,20081006,1.85,1.85,1.60,1.75,2500
CHGS,20081003,1.90,1.90,1.70,1.90,800
CHGS,20081002,1.89,1.89,1.89,1.89,200
CHGS,20081001,1.90,1.90,1.90,1.90,200
CHGS,20080930,1.75,2.00,1.75,2.00,21500
CHGS,20080929,1.77,1.77,1.70,1.77,700
CHGS,20080926,1.75,1.77,1.66,1.77,12500
CHGS,20080925,1.70,1.70,1.70,1.70,6200
CHGS,20080924,1.75,1.75,1.75,1.75,500
CHGS,20080923,1.81,1.85,1.81,1.85,5200
CHGS,20080922,1.85,1.85,1.85,1.85,700
CHGS,20080919,1.68,1.85,1.68,1.85,35800
CHGS,20080918,1.70,1.80,1.50,1.65,11900
CHGS,20080917,1.77,1.80,1.72,1.80,3900
CHGS,20080916,1.81,1.85,1.75,1.85,22400
CHGS,20080915,1.95,1.95,1.80,1.90,6400
CHGS,20080912,1.95,1.95,1.95,1.95,10000
CHGS,20080911,1.95,1.95,1.95,1.95,30700
CHGS,20080910,2.05,2.05,1.95,2.00,45000
CHGS,20080909,2.07,2.07,2.05,2.05,10000
CHGS,20080908,2.05,2.05,2.05,2.05,8500
CHGS,20080905,2.05,2.05,2.05,2.05,14100
CHGS,20080904,2.05,2.05,2.00,2.05,1800
CHGS,20080903,2.05,2.05,2.00,2.05,9700
CHGS,20080902,2.07,2.07,2.07,2.07,300
CHGS,20080829,2.00,2.07,2.00,2.07,1700
CHGS,20080828,2.07,2.07,2.07,2.07,200
CHGS,20080827,2.07,2.07,2.07,2.07,100
CHGS,20080826,2.07,2.07,2.07,2.07,2000
CHGS,20080825,2.15,2.15,2.01,2.07,19400
CHGS,20080822,2.15,2.15,2.12,2.15,1900
CHGS,20080821,2.15,2.15,2.15,2.15,000
CHGS,20080820,2.05,2.15,2.05,2.15,12400
CHGS,20080819,2.18,2.18,2.15,2.15,5800
CHGS,20080818,2.20,2.20,2.15,2.18,10500
CHGS,20080815,2.12,2.20,2.12,2.20,1400
CHGS,20080814,2.10,2.23,2.05,2.23,87800
CHGS,20080813,2.05,2.10,1.91,2.10,45100
CHGS,20080812,2.01,2.05,2.01,2.05,9600
CHGS,20080811,2.05,2.05,2.05,2.05,8400
CHGS,20080808,2.05,2.05,2.01,2.05,4700
CHGS,20080807,2.00,2.05,1.95,2.05,3200
CHGS,20080806,1.90,2.00,1.85,2.00,6000
CHGS,20080805,2.06,2.06,1.85,2.00,44000
CHGS,20080804,2.05,2.06,2.05,2.06,3700
CHGS,20080801,2.06,2.06,2.01,2.05,31200
CHGS,20080731,2.10,2.10,2.10,2.10,5200
CHGS,20080730,2.20,2.20,2.14,2.14,13300
CHGS,20080729,2.05,2.25,2.05,2.20,52400
CHGS,20080728,2.09,2.09,2.05,2.05,27600
CHGS,20080725,2.05,2.05,2.05,2.05,7000
CHGS,20080724,2.04,2.05,2.03,2.03,4400
CHGS,20080723,2.05,2.05,2.05,2.05,50500
CHGS,20080722,2.05,2.05,2.05,2.05,5100
CHGS,20080721,2.05,2.05,2.05,2.05,5200
CHGS,20080718,2.10,2.10,2.10,2.10,7000
CHGS,20080717,2.05,2.10,2.05,2.08,33400
CHGS,20080716,2.07,2.07,2.05,2.05,16400
CHGS,20080715,2.07,2.07,2.07,2.07,1200
CHGS,20080714,2.15,2.15,2.06,2.10,11700
CHGS,20080711,2.15,2.15,2.15,2.15,1000
CHGS,20080710,2.15,2.15,2.15,2.15,000
CHGS,20080709,2.15,2.15,2.15,2.15,1100
CHGS,20080708,2.20,2.20,2.11,2.11,6000
CHGS,20080707,2.16,2.16,2.16,2.16,400
CHGS,20080703,2.25,2.25,2.15,2.20,12400
CHGS,20080702,2.30,2.30,2.10,2.25,31200
CHGS,20080701,2.30,2.30,2.30,2.30,7100
CHGS,20080630,2.30,2.30,2.30,2.30,6900
CHGS,20080627,2.35,2.35,2.30,2.30,8400
CHGS,20080626,2.35,2.35,2.35,2.35,4000
CHGS,20080625,2.40,2.40,2.35,2.36,7600
CHGS,20080624,2.50,2.50,2.50,2.50,3600
CHGS,20080623,2.70,2.70,2.50,2.50,2300
CHGS,20080620,2.65,2.65,2.65,2.65,1000
CHGS,20080619,2.75,2.75,2.75,2.75,700
CHGS,20080618,2.75,2.76,2.75,2.75,22800
CHGS,20080617,2.75,2.75,2.75,2.75,20700
CHGS,20080616,2.65,2.75,2.65,2.75,9000
CHGS,20080613,2.70,2.70,2.55,2.60,18500
CHGS,20080612,2.74,2.74,2.74,2.74,1000
CHGS,20080611,2.75,2.75,2.75,2.75,000
CHGS,20080610,2.70,2.75,2.70,2.75,2700
CHGS,20080609,2.60,2.60,2.60,2.60,000
CHGS,20080606,2.60,2.60,2.60,2.60,000
CHGS,20080605,2.60,2.60,2.60,2.60,1700
CHGS,20080604,2.50,2.50,2.45,2.45,1000
CHGS,20080603,2.50,2.50,2.50,2.50,000
CHGS,20080602,2.50,2.50,2.50,2.50,800
CHGS,20080530,2.50,2.50,2.50,2.50,500
CHGS,20080529,2.45,2.45,2.40,2.40,7600
CHGS,20080528,2.45,2.45,2.45,2.45,6500
CHGS,20080527,2.45,2.45,2.45,2.45,8800
CHGS,20080523,2.45,2.45,2.45,2.45,000
CHGS,20080522,2.35,2.45,2.33,2.45,2500
CHGS,20080521,2.50,2.50,2.30,2.30,22700
CHGS,20080520,2.45,2.50,2.40,2.50,11500
CHGS,20080519,2.47,2.55,2.45,2.50,17500
CHGS,20080516,2.58,2.58,2.50,2.50,3100
CHGS,20080515,2.51,2.80,2.51,2.60,18500
CHGS,20080514,2.81,2.81,2.50,2.50,14900
CHGS,20080513,3.00,3.00,2.95,2.95,12700
CHGS,20080512,2.90,3.00,2.90,3.00,19900
CHGS,20080509,2.95,2.95,2.90,2.90,19000
CHGS,20080508,2.95,3.00,2.95,2.95,18200
CHGS,20080507,2.90,2.95,2.90,2.95,8800
CHGS,20080506,2.75,2.95,2.75,2.95,15900
CHGS,20080505,2.75,2.80,2.70,2.75,16500
CHGS,20080502,2.75,2.75,2.75,2.75,000
CHGS,20080501,2.75,2.75,2.70,2.75,8200
CHGS,20080430,2.85,2.85,2.85,2.85,000
CHGS,20080429,2.85,2.85,2.81,2.85,4000
CHGS,20080428,2.85,2.87,2.85,2.87,5200
CHGS,20080425,2.90,2.90,2.85,2.87,16500
CHGS,20080424,2.90,2.90,2.90,2.90,1000
CHGS,20080423,2.90,2.90,2.90,2.90,4000
CHGS,20080422,2.95,3.00,2.95,3.00,11000
CHGS,20080421,2.95,2.95,2.95,2.95,000
CHGS,20080418,2.95,2.95,2.95,2.95,000
CHGS,20080417,2.95,2.95,2.95,2.95,000
CHGS,20080416,2.95,2.95,2.95,2.95,000
CHGS,20080415,2.95,2.95,2.95,2.95,1200
CHGS,20080414,3.10,3.10,3.10,3.10,000
CHGS,20080411,3.10,3.10,3.10,3.10,500
CHGS,20080410,3.00,3.10,3.00,3.10,8300
CHGS,20080409,2.95,2.95,2.95,2.95,000
CHGS,20080408,2.95,2.95,2.95,2.95,1400
CHGS,20080407,3.05,3.05,3.00,3.00,2200
CHGS,20080404,3.05,3.05,3.05,3.05,000
CHGS,20080403,3.00,3.05,3.00,3.05,5500
CHGS,20080402,2.85,2.85,2.85,2.85,000
CHGS,20080401,3.30,3.30,2.85,2.85,13000
CHGS,20080331,3.40,3.40,3.40,3.40,400
CHGS,20080328,3.50,3.50,3.45,3.50,4000
CHGS,20080327,3.45,3.45,3.45,3.45,000
CHGS,20080326,3.50,3.50,3.45,3.45,800
CHGS,20080325,3.40,3.50,3.40,3.50,4200
CHGS,20080324,3.60,3.60,3.50,3.50,9000
CHGS,20080320,3.60,3.65,3.60,3.60,13100
CHGS,20080319,3.59,3.60,3.50,3.60,5600
CHGS,20080318,3.60,3.60,3.57,3.60,11700
CHGS,20080317,3.70,3.70,3.70,3.70,300
CHGS,20080314,3.65,3.70,3.65,3.70,9700
CHGS,20080313,3.60,3.70,3.50,3.70,21800
CHGS,20080312,3.50,3.70,3.50,3.70,11700
CHGS,20080311,3.60,3.60,3.50,3.50,15000
CHGS,20080310,3.55,3.60,3.55,3.60,2000
CHGS,20080307,3.50,3.50,3.50,3.50,000
CHGS,20080306,3.72,3.72,3.50,3.50,2100
CHGS,20080305,3.75,3.75,3.72,3.75,6000
CHGS,20080304,3.75,3.75,3.75,3.75,000
CHGS,20080303,3.80,3.80,3.70,3.75,8000
CHGS,20080229,3.70,3.85,3.55,3.85,50600
CHGS,20080228,3.30,3.85,3.30,3.85,59100
CHGS,20080227,3.30,3.35,3.25,3.30,21700
CHGS,20080226,3.15,3.35,3.15,3.30,29500
CHGS,20080225,3.05,3.05,3.05,3.05,3500
CHGS,20080222,2.95,3.15,2.95,3.15,9000
CHGS,20080221,3.00,3.00,3.00,3.00,000
CHGS,20080220,3.00,3.00,3.00,3.00,000
CHGS,20080219,3.00,3.00,3.00,3.00,1000
CHGS,20080215,3.00,3.05,3.00,3.00,4000
CHGS,20080214,3.00,3.00,2.80,2.85,10800
CHGS,20080213,3.05,3.05,2.95,3.00,12500
CHGS,20080212,3.05,3.05,3.05,3.05,000
CHGS,20080211,3.05,3.05,3.05,3.05,500
CHGS,20080208,3.00,3.05,3.00,3.05,10300
CHGS,20080207,3.00,3.00,3.00,3.00,6000
CHGS,20080206,3.00,3.00,3.00,3.00,8000
CHGS,20080205,3.12,3.12,3.00,3.05,21000
CHGS,20080204,3.15,3.15,3.15,3.15,2300
CHGS,20080201,3.10,3.20,3.10,3.15,10500
CHGS,20080131,3.00,3.00,3.00,3.00,000
CHGS,20080130,3.00,3.00,3.00,3.00,6500
CHGS,20080129,3.00,3.00,3.00,3.00,3600
CHGS,20080128,3.00,3.00,3.00,3.00,1900
CHGS,20080125,3.06,3.06,3.05,3.05,2000
CHGS,20080124,3.05,3.08,3.05,3.08,2200
CHGS,20080123,3.10,3.10,3.05,3.05,4000
CHGS,20080122,3.15,3.15,3.00,3.00,17700
CHGS,20080118,3.50,3.50,3.50,3.50,000
CHGS,20080117,3.50,3.50,3.50,3.50,1500
CHGS,20080116,3.50,3.50,3.50,3.50,000
CHGS,20080115,3.95,4.05,3.50,3.50,17400
CHGS,20080114,3.75,4.00,3.75,3.80,17400
CHGS,20080111,3.65,3.65,3.60,3.60,700
CHGS,20080110,3.40,3.40,3.40,3.40,000
CHGS,20080109,3.40,3.40,3.40,3.40,000
CHGS,20080108,3.40,3.40,3.40,3.40,000
CHGS,20080107,3.40,3.40,3.40,3.40,000
CHGS,20080104,2.90,3.50,2.80,3.40,37600
CHGS,20080103,3.25,3.25,3.00,3.00,2800
CHGS,20080102,3.20,3.20,3.20,3.20,000
CHGS,20071231,3.20,3.20,3.20,3.20,000
CHGS,20071228,2.75,3.20,2.75,3.20,14700
CHGS,20071227,2.60,2.60,2.60,2.60,10400
CHGS,20071226,2.50,2.60,2.40,2.60,45400
CHGS,20071224,2.40,2.40,2.40,2.40,2200
CHGS,20071221,2.40,2.40,2.40,2.40,400
CHGS,20071220,2.40,2.40,2.40,2.40,000
CHGS,20071219,2.53,2.55,2.40,2.40,4800
CHGS,20071218,2.60,2.60,2.60,2.60,000
CHGS,20071217,2.60,2.60,2.60,2.60,000
CHGS,20071214,2.60,2.60,2.60,2.60,9000
CHGS,20071213,2.52,2.60,2.50,2.60,4000
CHGS,20071212,2.50,2.60,2.50,2.60,5300
CHGS,20071211,2.95,2.95,2.75,2.75,7100
CHGS,20071210,3.10,3.10,2.95,2.95,6700
CHGS,20071207,3.19,3.19,3.19,3.19,000
CHGS,20071206,3.19,3.19,3.19,3.19,600
CHGS,20071205,3.20,3.20,3.20,3.20,600
CHGS,20071204,3.10,3.10,3.10,3.10,500
CHGS,20071203,3.20,3.20,3.20,3.20,100
CHGS,20071130,3.40,3.40,3.25,3.25,1000
CHGS,20071129,3.40,3.40,3.40,3.40,000
CHGS,20071128,3.40,3.40,3.40,3.40,000
CHGS,20071127,3.40,3.40,3.40,3.40,000
CHGS,20071126,3.40,3.40,3.40,3.40,700
CHGS,20071123,3.20,3.20,3.20,3.20,000
CHGS,20071121,3.20,3.20,3.20,3.20,000
CHGS,20071120,3.25,3.25,3.00,3.20,35800
CHGS,20071119,3.65,3.65,3.50,3.50,3100
CHGS,20071116,3.81,3.81,3.81,3.81,000
CHGS,20071115,3.65,3.81,3.60,3.81,4800
CHGS,20071114,3.81,3.81,3.81,3.81,000
CHGS,20071113,3.75,3.81,3.60,3.81,288400
CHGS,20071112,3.81,3.81,3.81,3.81,2500
CHGS,20071109,4.20,4.20,3.81,3.81,101700
CHGS,20071108,3.95,3.95,3.95,3.95,000
CHGS,20071107,3.95,3.95,3.95,3.95,500
CHGS,20071106,4.05,4.05,4.00,4.00,54800
CHGS,20071105,4.60,4.60,4.10,4.10,700
CHGS,20071102,4.45,4.45,4.45,4.45,000
CHGS,20071101,4.95,4.95,4.45,4.45,5300
CHGS,20071031,3.80,4.75,3.71,4.75,635900
CHGS,20071030,3.80,3.80,3.80,3.80,3000
CHGS,20071029,3.80,3.80,3.80,3.80,000
CHGS,20071026,3.60,3.80,3.50,3.80,114500
CHGS,20071025,3.80,3.80,3.60,3.60,6500
CHGS,20071024,3.90,3.90,3.90,3.90,15000
CHGS,20071023,3.75,3.75,3.75,3.75,000
CHGS,20071022,3.75,3.75,3.75,3.75,100
CHGS,20071019,4.00,4.15,4.00,4.07,29700
CHGS,20071018,3.75,3.75,3.75,3.75,000
CHGS,20071017,3.75,3.75,3.75,3.75,150000
CHGS,20071016,4.20,4.20,4.20,4.20,1000
CHGS,20071015,4.10,4.10,4.10,4.10,000
CHGS,20071012,4.10,4.10,4.10,4.10,000
CHGS,20071011,4.10,4.10,4.10,4.10,000
CHGS,20071010,4.10,4.10,4.10,4.10,000
CHGS,20071009,4.10,4.10,4.10,4.10,000
CHGS,20071008,4.10,4.10,4.10,4.10,000
CHGS,20071005,4.10,4.10,4.10,4.10,000
CHGS,20071004,4.10,4.10,4.10,4.10,000
CHGS,20071003,4.10,4.10,4.10,4.10,000
CHGS,20071002,4.10,4.10,4.10,4.10,000
CHGS,20071001,4.10,4.10,4.10,4.10,000
CHGS,20070928,4.10,4.10,4.10,4.10,100
CHGS,20070927,4.10,4.10,4.10,4.10,000
CHGS,20070926,4.10,4.10,4.10,4.10,000
CHGS,20070925,4.10,4.10,4.10,4.10,000
CHGS,20070924,4.10,4.10,4.10,4.10,000
CHGS,20070921,4.10,4.10,4.10,4.10,000
CHGS,20070920,4.10,4.10,4.10,4.10,000
CHGS,20070919,4.10,4.10,4.10,4.10,000
CHGS,20070918,4.10,4.10,4.10,4.10,000
CHGS,20070917,4.10,4.10,4.10,4.10,000
CHGS,20070914,4.10,4.10,4.10,4.10,000
CHGS,20070913,4.10,4.10,4.10,4.10,000
CHGS,20070912,4.10,4.10,4.10,4.10,200
CHGS,20070911,3.70,4.90,3.70,3.90,800
CHGS,20070910,3.70,3.70,3.70,3.70,000
CHGS,20070907,3.70,3.70,3.70,3.70,000
CHGS,20070906,3.70,3.70,3.70,3.70,000
CHGS,20070905,3.70,3.70,3.70,3.70,000
CHGS,20070904,3.70,3.70,3.70,3.70,000
CHGS,20070831,3.70,3.70,3.70,3.70,000
CHGS,20070830,3.70,3.70,3.70,3.70,000
CHGS,20070829,3.70,3.70,3.70,3.70,000
CHGS,20070828,3.70,3.70,3.70,3.70,000
CHGS,20070827,3.70,3.70,3.70,3.70,000
CHGS,20070824,3.70,3.70,3.70,3.70,000
CHGS,20070823,3.70,3.70,3.70,3.70,000
CHGS,20070822,3.70,3.70,3.70,3.70,000
CHGS,20070821,3.70,3.70,3.70,3.70,000
CHGS,20070820,3.70,3.70,3.70,3.70,000
CHGS,20070817,3.70,3.70,3.70,3.70,000
CHGS,20070816,3.70,3.70,3.70,3.70,000
CHGS,20070815,3.70,3.70,3.70,3.70,000
CHGS,20070814,3.70,3.70,3.70,3.70,000
CHGS,20070813,3.70,3.70,3.70,3.70,000
CHGS,20070810,3.70,3.70,3.70,3.70,000
CHGS,20070809,3.70,3.70,3.70,3.70,000
CHGS,20070808,3.70,3.70,3.70,3.70,000
CHGS,20070807,2.30,3.70,2.30,3.70,2300
CHGS,20070806,3.30,3.30,3.30,3.30,000
CHGS,20070803,3.30,3.30,3.30,3.30,000
CHGS,20070802,3.30,3.30,3.30,3.30,000
CHGS,20070801,3.30,3.30,3.30,3.30,000
CHGS,20070731,3.30,3.30,3.30,3.30,500
CHGS,20070730,3.00,3.00,3.00,3.00,000
CHGS,20070727,2.85,3.00,2.85,3.00,600
CHGS,20070726,3.05,3.50,3.05,3.05,2500
CHGS,20070725,3.05,3.05,3.05,3.05,000
CHGS,20070724,3.05,3.05,3.05,3.05,000
CHGS,20070723,3.05,3.05,3.05,3.05,000
CHGS,20070720,3.05,3.05,3.05,3.05,000
CHGS,20070719,3.05,3.05,3.05,3.05,000
CHGS,20070718,3.05,3.05,3.05,3.05,000
CHGS,20070717,3.05,3.05,3.05,3.05,200
CHGS,20070716,3.05,3.05,3.05,3.05,200
CHGS,20070713,4.00,4.00,4.00,4.00,000
CHGS,20070712,4.00,4.00,4.00,4.00,000
CHGS,20070711,4.00,4.00,4.00,4.00,000
CHGS,20070710,4.00,4.00,4.00,4.00,000
CHGS,20070709,4.00,4.00,4.00,4.00,000
CHGS,20070706,4.00,4.00,4.00,4.00,000
CHGS,20070705,4.00,4.00,4.00,4.00,000
CHGS,20070703,4.00,4.00,4.00,4.00,000
CHGS,20070702,4.00,4.50,4.00,4.00,4900
CHGS,20070629,4.00,4.00,4.00,4.00,300
CHGS,20070628,3.05,3.05,3.05,3.05,100
CHGS,20070627,3.05,3.05,3.05,3.05,500
CHGS,20070626,3.05,3.05,3.05,3.05,000
CHGS,20070625,3.05,3.05,3.05,3.05,100
CHGS,20070622,3.30,3.30,3.05,3.05,1400
CHGS,20070621,3.55,3.55,3.55,3.55,000
CHGS,20070620,3.55,3.55,3.55,3.55,000
CHGS,20070619,3.55,3.55,3.55,3.55,000
CHGS,20070618,3.55,3.55,3.55,3.55,000
CHGS,20070615,3.55,3.55,3.55,3.55,000
CHGS,20070614,3.55,3.55,3.55,3.55,000
CHGS,20070613,3.50,4.50,3.50,3.55,2700
CHGS,20070612,3.65,3.65,3.65,3.65,000
CHGS,20070611,3.65,3.65,3.65,3.65,000
CHGS,20070608,3.65,3.65,3.65,3.65,000
CHGS,20070607,3.65,3.65,3.65,3.65,000
CHGS,20070606,3.65,3.65,3.65,3.65,000
CHGS,20070605,3.50,3.65,3.50,3.65,800
CHGS,20070604,3.00,3.00,2.75,2.75,1000
CHGS,20070601,3.50,3.50,3.50,3.50,000
CHGS,20070531,3.25,3.50,3.25,3.50,1500
CHGS,20070530,3.25,3.25,3.25,3.25,000
CHGS,20070529,3.00,3.25,3.00,3.25,1000
CHGS,20070525,4.00,4.00,3.50,3.50,1100
CHGS,20070524,3.50,3.50,3.50,3.50,000
CHGS,20070523,3.50,3.50,3.50,3.50,3100
CHGS,20070522,2.80,3.50,2.80,3.50,1100
CHGS,20070521,3.75,3.75,3.75,3.75,000
CHGS,20070518,3.75,3.75,3.75,3.75,000
CHGS,20070517,3.75,3.75,3.75,3.75,000
CHGS,20070516,3.75,3.75,3.75,3.75,000
CHGS,20070515,3.75,3.75,3.75,3.75,000
CHGS,20070514,3.00,3.75,3.00,3.75,1600
CHGS,20070511,2.75,2.75,2.75,2.75,1000
CHGS,20070510,2.90,2.90,2.90,2.90,000
CHGS,20070509,2.90,2.90,2.90,2.90,000
CHGS,20070508,2.90,2.90,2.90,2.90,500
CHGS,20070507,2.61,2.61,2.61,2.61,100
CHGS,20070504,2.90,2.90,2.61,2.61,600
CHGS,20070503,2.60,2.65,2.60,2.65,200
CHGS,20070502,2.90,2.90,2.90,2.90,1100
CHGS,20070501,2.50,2.50,2.50,2.50,500
CHGS,20070430,2.50,2.50,2.50,2.50,500
CHGS,20070427,2.50,2.50,2.50,2.50,600
CHGS,20070426,2.25,3.20,2.25,2.65,15300
CHGS,20070425,2.00,2.00,2.00,2.00,100
CHGS,20070424,2.25,2.25,2.25,2.25,000
CHGS,20070423,2.25,2.25,2.25,2.25,000
CHGS,20070420,2.25,2.25,2.25,2.25,2400
CHGS,20070419,2.25,2.25,2.25,2.25,000
CHGS,20070418,2.25,2.25,2.25,2.25,000
CHGS,20070417,2.25,2.25,2.25,2.25,000
CHGS,20070416,2.30,2.30,2.25,2.25,2500
CHGS,20070413,2.30,2.30,2.30,2.30,000
CHGS,20070412,2.30,2.30,2.30,2.30,100
CHGS,20070411,2.25,2.25,2.25,2.25,000
CHGS,20070410,2.25,2.25,2.25,2.25,000
CHGS,20070409,2.25,2.25,2.25,2.25,000
CHGS,20070405,2.25,2.25,2.25,2.25,000
CHGS,20070404,2.25,2.25,2.25,2.25,000
CHGS,20070403,2.25,2.25,2.25,2.25,100
CHGS,20070402,2.00,2.45,2.00,2.25,1700
CHGS,20070330,2.00,2.00,2.00,2.00,000
CHGS,20070329,2.00,2.00,2.00,2.00,100
CHGS,20070328,2.00,2.00,2.00,2.00,100
CHGS,20070327,2.00,2.00,2.00,2.00,100
CHGS,20070326,1.93,1.93,1.93,1.93,100
CHGS,20070323,1.93,1.93,1.93,1.93,200
CHGS,20070322,1.90,1.90,1.90,1.90,000
CHGS,20070321,1.90,1.90,1.90,1.90,000
CHGS,20070320,1.90,1.90,1.90,1.90,200
CHGS,20070319,1.87,1.87,1.87,1.87,400
CHGS,20070316,1.87,1.87,1.87,1.87,100
CHGS,20070315,1.87,1.87,1.87,1.87,000
CHGS,20070314,1.87,1.87,1.87,1.87,700
CHGS,20070313,1.87,1.87,1.87,1.87,000
CHGS,20070312,1.87,1.87,1.87,1.87,100
CHGS,20070309,1.87,1.87,1.87,1.87,200
CHGS,20070308,1.87,1.87,1.87,1.87,200
CHGS,20070307,1.85,2.25,1.85,2.25,900
CHGS,20070306,1.85,1.85,1.85,1.85,100
CHGS,20070305,1.85,1.85,1.85,1.85,800
CHGS,20070302,1.85,1.85,1.85,1.85,100
CHGS,20070301,1.85,1.85,1.85,1.85,100
CHGS,20070228,1.85,1.85,1.85,1.85,500
CHGS,20070227,2.90,2.90,1.85,1.85,700
CHGS,20070226,2.30,2.30,1.85,1.85,700
CHGS,20070223,1.75,2.00,1.55,1.77,5500
CHGS,20070222,1.43,1.43,1.43,1.43,100
CHGS,20070221,1.40,1.40,1.40,1.40,200
CHGS,20070220,1.60,1.60,1.60,1.60,000
CHGS,20070216,1.60,1.60,1.60,1.60,500
CHGS,20070215,1.85,1.90,1.57,1.60,1000
CHGS,20070214,1.80,1.90,1.80,1.90,800
CHGS,20070213,1.40,1.45,1.40,1.45,200
CHGS,20070212,1.39,1.40,1.37,1.40,600
CHGS,20070209,1.45,1.70,1.37,1.37,800
CHGS,20070208,1.25,1.40,1.25,1.35,700
CHGS,20070207,1.25,1.25,1.25,1.25,500
CHGS,20070206,1.21,1.25,1.15,1.25,1900
CHGS,20070205,1.15,1.20,1.15,1.20,300
CHGS,20070202,1.05,1.20,1.05,1.20,1300
CHGS,20070201,1.15,1.15,1.15,1.15,1100
CHGS,20070131,1.15,1.15,1.15,1.15,400
CHGS,20070130,1.15,1.15,1.15,1.15,700
CHGS,20070129,1.15,1.20,1.15,1.20,600
CHGS,20070126,1.06,1.20,1.06,1.15,8500
CHGS,20070125,1.15,1.15,1.15,1.15,1200
CHGS,20070124,1.15,1.15,1.15,1.15,300
CHGS,20070123,1.80,1.90,1.10,1.10,8100
CHGS,20070122,2.75,2.75,1.75,1.80,3200
CHGS,20070119,2.25,2.25,2.25,2.25,000
CHGS,20070118,2.25,2.25,2.25,2.25,200
CHGS,20070117,5.00,5.00,5.00,5.00,000
CHGS,20070116,5.00,5.00,5.00,5.00,000
CHGS,20070112,5.00,5.00,5.00,5.00,000
CHGS,20070111,5.00,5.00,5.00,5.00,000
CHGS,20070110,5.00,5.00,5.00,5.00,000
CHGS,20070109,5.00,5.00,5.00,5.00,000
CHGS,20070108,5.00,5.00,5.00,5.00,000
CHGS,20070105,5.00,5.00,5.00,5.00,000
CHGS,20070104,5.00,5.00,5.00,5.00,000
CHGS,20070103,5.00,5.00,4.50,5.00,700
CHGS,20061229,3.50,3.50,3.50,3.50,100
CHGS,20061228,1.10,1.60,1.10,1.60,200
CHGS,20061227,1.05,1.05,1.05,1.05,000
CHGS,20061226,1.05,1.05,1.05,1.05,100
CHGS,20061222,1.01,1.01,1.01,1.01,000
CHGS,20061221,1.01,1.01,1.01,1.01,100
CHGS,20061220,1.01,1.01,1.01,1.01,100
CHGS,20061219,5.00,5.00,5.00,5.00,000
CHGS,20061218,5.00,5.00,5.00,5.00,000
CHGS,20061215,5.00,5.00,5.00,5.00,000
CHGS,20061214,5.00,5.00,5.00,5.00,000
CHGS,20061213,5.00,5.00,5.00,5.00,000
CHGS,20061212,5.00,5.00,5.00,5.00,000
